"0","ll
"
"1","$`crds`
"
"1","       "
"1","           "
"1","         "
"1"," mask"
"1","
   [1,]"
"1","  -85.88660"
"1"," 72.84876"
"1","    0"
"1","
   [2,]"
"1","  -85.12757"
"1"," 72.86247"
"1","    0"
"1","
   [3,]"
"1","  -84.36751"
"1"," 72.87345"
"1","    1"
"1","
   [4,]"
"1","  -83.60665"
"1"," 72.88169"
"1","    1"
"1","
   [5,]"
"1","  -82.84522"
"1"," 72.88719"
"1","    1"
"1","
   [6,]"
"1","  -82.08344"
"1"," 72.88995"
"1","    1"
"1","
   [7,]"
"1","  -81.32154"
"1"," 72.88996"
"1","    1"
"1","
   [8,]"
"1","  -80.55976"
"1"," 72.88722"
"1","    1"
"1","
   [9,]"
"1","  -79.79832"
"1"," 72.88174"
"1","    0"
"1","
  [10,]"
"1","  -79.03746"
"1"," 72.87351"
"1","    1"
"1","
  [11,]"
"1","  -78.27740"
"1"," 72.86255"
"1","    1"
"1","
  [12,]"
"1","  -77.51836"
"1"," 72.84886"
"1","    1"
"1","
  [13,]"
"1","  -89.56047"
"1"," 72.51592"
"1","    1"
"1","
  [14,]"
"1","  -88.81896"
"1"," 72.54283"
"1","    1"
"1","
  [15,]"
"1","  -88.07541"
"1"," 72.56708"
"1","    1"
"1","
  [16,]"
"1","  -87.33003"
"1"," 72.58867"
"1","    1"
"1","
  [17,]"
"1","  -86.58301"
"1"," 72.60758"
"1","    1"
"1","
  [18,]"
"1","  -85.83457"
"1"," 72.62381"
"1","    0"
"1","
  [19,]"
"1","  -85.08493"
"1"," 72.63734"
"1","    1"
"1","
  [20,]"
"1","  -84.33430"
"1"," 72.64818"
"1","    1"
"1","
  [21,]"
"1","  -83.58290"
"1"," 72.65631"
"1","    1"
"1","
  [22,]"
"1","  -82.83094"
"1"," 72.66174"
"1","    1"
"1","
  [23,]"
"1","  -82.07866"
"1"," 72.66446"
"1","    1"
"1","
  [24,]"
"1","  -81.32626"
"1"," 72.66447"
"1","    1"
"1","
  [25,]"
"1","  -80.57397"
"1"," 72.66177"
"1","    1"
"1","
  [26,]"
"1","  -79.82202"
"1"," 72.65636"
"1","    0"
"1","
  [27,]"
"1","  -79.07061"
"1"," 72.64824"
"1","    0"
"1","
  [28,]"
"1","  -78.31997"
"1"," 72.63742"
"1","    0"
"1","
  [29,]"
"1","  -77.57032"
"1"," 72.62390"
"1","    1"
"1","
  [30,]"
"1","  -76.82188"
"1"," 72.60770"
"1","    1"
"1","
  [31,]"
"1","  -76.07485"
"1"," 72.58880"
"1","    1"
"1","
  [32,]"
"1","  -75.32945"
"1"," 72.56723"
"1","    0"
"1","
  [33,]"
"1","  -74.58589"
"1"," 72.54300"
"1","    0"
"1","
  [34,]"
"1","  -73.84437"
"1"," 72.51610"
"1","    0"
"1","
  [35,]"
"1","  -91.64920"
"1"," 72.19705"
"1","    0"
"1","
  [36,]"
"1","  -90.92358"
"1"," 72.23141"
"1","    0"
"1","
  [37,]"
"1","  -90.19542"
"1"," 72.26319"
"1","    0"
"1","
  [38,]"
"1","  -89.46491"
"1"," 72.29237"
"1","    1"
"1","
  [39,]"
"1","  -88.73224"
"1"," 72.31893"
"1","    1"
"1","
  [40,]"
"1","  -87.99760"
"1"," 72.34288"
"1","    1"
"1","
  [41,]"
"1","  -87.26120"
"1"," 72.36419"
"1","    1"
"1","
  [42,]"
"1","  -86.52323"
"1"," 72.38286"
"1","    1"
"1","
  [43,]"
"1","  -85.78389"
"1"," 72.39888"
"1","    0"
"1","
  [44,]"
"1","  -85.04339"
"1"," 72.41224"
"1","    0"
"1","
  [45,]"
"1","  -84.30195"
"1"," 72.42294"
"1","    1"
"1","
  [46,]"
"1","  -83.55976"
"1"," 72.43097"
"1","    1"
"1","
  [47,]"
"1","  -82.81704"
"1"," 72.43632"
"1","    1"
"1","
  [48,]"
"1","  -82.07400"
"1"," 72.43901"
"1","    1"
"1","
  [49,]"
"1","  -81.33086"
"1"," 72.43902"
"1","    1"
"1","
  [50,]"
"1","  -80.58782"
"1"," 72.43635"
"1","    0"
"1","
  [51,]"
"1","  -79.84509"
"1"," 72.43101"
"1","    1"
"1","
  [52,]"
"1","  -79.10290"
"1"," 72.42300"
"1","    0"
"1","
  [53,]"
"1","  -78.36145"
"1"," 72.41232"
"1","    1"
"1","
  [54,]"
"1","  -77.62095"
"1"," 72.39897"
"1","    1"
"1","
  [55,]"
"1","  -76.88160"
"1"," 72.38297"
"1","    1"
"1","
  [56,]"
"1","  -76.14362"
"1"," 72.36432"
"1","    1"
"1","
  [57,]"
"1","  -75.40721"
"1"," 72.34303"
"1","    1"
"1","
  [58,]"
"1","  -74.67256"
"1"," 72.31910"
"1","    0"
"1","
  [59,]"
"1","  -73.93988"
"1"," 72.29255"
"1","    0"
"1","
  [60,]"
"1","  -73.20935"
"1"," 72.26339"
"1","    0"
"1","
  [61,]"
"1","  -72.48117"
"1"," 72.23163"
"1","    0"
"1","
  [62,]"
"1","  -71.75553"
"1"," 72.19728"
"1","    0"
"1","
  [63,]"
"1","  -92.95720"
"1"," 71.89919"
"1","    0"
"1","
  [64,]"
"1","  -92.24534"
"1"," 71.93819"
"1","    0"
"1","
  [65,]"
"1","  -91.53070"
"1"," 71.97467"
"1","    0"
"1","
  [66,]"
"1","  -90.81343"
"1"," 72.00860"
"1","    0"
"1","
  [67,]"
"1","  -90.09372"
"1"," 72.03998"
"1","    0"
"1","
  [68,]"
"1","  -89.37175"
"1"," 72.06880"
"1","    1"
"1","
  [69,]"
"1","  -88.64770"
"1"," 72.09503"
"1","    1"
"1","
  [70,]"
"1","  -85.73450"
"1"," 72.17397"
"1","    0"
"1","
  [74,]"
"1","  -85.00292"
"1"," 72.18716"
"1","    0"
"1","
  [75,]"
"1","  -84.27042"
"1"," 72.19772"
"1","    1"
"1","
  [76,]"
"1","  -83.53721"
"1"," 72.20565"
"1","    1"
"1","
  [77,]"
"1","  -82.80349"
"1"," 72.21094"
"1","    1"
"1","
  [78,]"
"1","  -82.06946"
"1"," 72.21359"
"1","    1"
"1","
  [79,]"
"1","  -81.33533"
"1"," 72.21360"
"1","    1"
"1","
  [80,]"
"1","  -80.60130"
"1"," 72.21096"
"1","    0"
"1","
  [81,]"
"1","  -79.86758"
"1"," 72.20569"
"1","    1"
"1","
  [82,]"
"1","  -79.13437"
"1"," 72.19778"
"1","    1"
"1","
  [83,]"
"1","  -78.40186"
"1"," 72.18724"
"1","    1"
"1","
  [84,]"
"1","  -77.67028"
"1"," 72.17406"
"1","    0"
"1","
  [85,]"
"1","  -76.93980"
"1"," 72.15826"
"1","    1"
"1","
  [86,]"
"1","  -76.21064"
"1"," 72.13985"
"1","    1"
"1","
  [87,]"
"1","  -75.48299"
"1"," 72.11882"
"1","    1"
"1","
  [88,]"
"1","  -74.75703"
"1"," 72.09520"
"1","    0"
"1","
  [89,]"
"1","  -74.03297"
"1"," 72.06898"
"1","    0"
"1","
  [90,]"
"1","  -73.31099"
"1"," 72.04018"
"1","    0"
"1","
  [91,]"
"1","  -72.59127"
"1"," 72.00882"
"1","    0"
"1","
  [92,]"
"1","  -71.87398"
"1"," 71.97490"
"1","    0"
"1","
  [93,]"
"1","  -71.15932"
"1"," 71.93844"
"1","    0"
"1","
  [94,]"
"1","  -70.44744"
"1"," 71.89945"
"1","    0"
"1","
  [95,]"
"1","  -94.22465"
"1"," 71.59320"
"1","    1"
"1","
  [96,]"
"1","  -93.52662"
"1"," 71.63667"
"1","    1"
"1","
  [97,]"
"1","  -92.82558"
"1"," 71.67768"
"1","    0"
"1","
  [98,]"
"1","  -92.12169"
"1"," 71.71621"
"1","    0"
"1","
  [99,]"
"1","  -91.41511"
"1"," 71.75224"
"1","    0"
"1","
 [100,]"
"1","  -90.70601"
"1"," 71.78576"
"1","    0"
"1","
 [101,]"
"1","  -89.99456"
"1"," 71.81676"
"1","    1"
"1","
 [102,]"
"1","  -89.28092"
"1"," 71.84522"
"1","    1"
"1","
 [103,]"
"1","  -88.56528"
"1"," 71.87112"
"1","    1"
"1","
 [104,]"
"1","  -87.84782"
"1"," 71.89447"
"1","    1"
"1","
 [105,]"
"1","  -87.12872"
"1"," 71.91525"
"1","    1"
"1","
 [106,]"
"1","  -86.40817"
"1"," 71.93346"
"1","    1"
"1","
 [107,]"
"1","  -85.68636"
"1"," 71.94907"
"1","    1"
"1","
 [108,]"
"1","  -84.96347"
"1"," 71.96210"
"1","    1"
"1","
 [109,]"
"1","  -84.23970"
"1"," 71.97253"
"1","    1"
"1","
 [110,]"
"1","  -83.51524"
"1"," 71.98036"
"1","    1"
"1","
 [111,]"
"1","  -82.79029"
"1"," 71.98558"
"1","    1"
"1","
 [112,]"
"1","  -82.06504"
"1"," 71.98820"
"1","    1"
"1","
 [113,]"
"1","  -81.33970"
"1"," 71.98821"
"1","    1"
"1","
 [114,]"
"1","  -80.61445"
"1"," 71.98561"
"1","    0"
"1","
 [115,]"
"1","  -79.88950"
"1"," 71.98040"
"1","    1"
"1","
 [116,]"
"1","  -79.16504"
"1"," 71.97259"
"1","    0"
"1","
 [117,]"
"1","  -78.44126"
"1"," 71.96218"
"1","    1"
"1","
 [118,]"
"1","  -77.71836"
"1"," 71.94917"
"1","    1"
"1","
 [119,]"
"1","  -76.99654"
"1"," 71.93357"
"1","    1"
"1","
 [120,]"
"1","  -76.27598"
"1"," 71.91538"
"1","    1"
"1","
 [121,]"
"1","  -75.55687"
"1"," 71.89462"
"1","    1"
"1","
 [122,]"
"1","  -74.83940"
"1"," 71.87128"
"1","    1"
"1","
 [123,]"
"1","  -74.12375"
"1"," 71.84539"
"1","    0"
"1","
 [124,]"
"1","  -73.41010"
"1"," 71.81695"
"1","    0"
"1","
 [125,]"
"1","  -72.69863"
"1"," 71.78597"
"1","    0"
"1","
 [126,]"
"1","  -71.98952"
"1"," 71.75247"
"1","    0"
"1","
 [127,]"
"1","  -71.28292"
"1"," 71.71646"
"1","    0"
"1","
 [128,]"
"1","  -70.57901"
"1"," 71.67794"
"1","    0"
"1","
 [129,]"
"1","  -69.87796"
"1"," 71.63695"
"1","    0"
"1","
 [130,]"
"1","  -69.17990"
"1"," 71.59349"
"1","    0"
"1","
 [131,]"
"1","  -95.45255"
"1"," 71.27947"
"1","    1"
"1","
 [132,]"
"1","  -94.76834"
"1"," 71.32726"
"1","    1"
"1","
 [133,]"
"1","  -94.08094"
"1"," 71.37264"
"1","    1"
"1","
 [134,]"
"1","  -93.39049"
"1"," 71.41560"
"1","    1"
"1","
 [135,]"
"1","  -92.69714"
"1"," 71.45611"
"1","    0"
"1","
 [136,]"
"1","  -92.00104"
"1"," 71.49418"
"1","    0"
"1","
 [137,]"
"1","  -91.30234"
"1"," 71.52978"
"1","    0"
"1","
 [138,]"
"1","  -90.60122"
"1"," 71.56289"
"1","    0"
"1","
 [139,]"
"1","  -89.89782"
"1"," 71.59351"
"1","    1"
"1","
 [140,]"
"1","  -89.19232"
"1"," 71.62162"
"1","    1"
"1","
 [141,]"
"1","  -88.48490"
"1"," 71.64721"
"1","    1"
"1","
 [142,]"
"1","  -87.77571"
"1"," 71.67027"
"1","    1"
"1","
 [143,]"
"1","  -87.06495"
"1"," 71.69080"
"1","    1"
"1","
 [144,]"
"1","  -86.35279"
"1"," 71.70878"
"1","    1"
"1","
 [145,]"
"1","  -85.63941"
"1"," 71.72420"
"1","    0"
"1","
 [146,]"
"1","  -84.92500"
"1"," 71.73707"
"1","    0"
"1","
 [147,]"
"1","  -84.20973"
"1"," 71.74737"
"1","    1"
"1","
 [148,]"
"1","  -83.49381"
"1"," 71.75510"
"1","    1"
"1","
 [149,]"
"1","  -82.77741"
"1"," 71.76025"
"1","    1"
"1","
 [150,]"
"1","  -82.06073"
"1"," 71.76284"
"1","    1"
"1","
 [151,]"
"1","  -81.34395"
"1"," 71.76285"
"1","    1"
"1","
 [152,]"
"1","  -80.62727"
"1"," 71.76028"
"1","    1"
"1","
 [153,]"
"1","  -79.91087"
"1"," 71.75514"
"1","    1"
"1","
 [154,]"
"1","  -79.19494"
"1"," 71.74742"
"1","    1"
"1","
 [155,]"
"1","  -78.47968"
"1"," 71.73714"
"1","    1"
"1","
 [156,]"
"1","  -77.76526"
"1"," 71.72429"
"1","    1"
"1","
 [157,]"
"1","  -77.05187"
"1"," 71.70888"
"1","    1"
"1","
 [158,]"
"1","  -76.33970"
"1"," 71.69092"
"1","    1"
"1","
 [159,]"
"1","  -75.62893"
"1"," 71.67041"
"1","    1"
"1","
 [160,]"
"1","  -74.91973"
"1"," 71.64737"
"1","    1"
"1","
 [161,]"
"1","  -74.21229"
"1"," 71.62179"
"1","    0"
"1","
 [162,]"
"1","  -73.50678"
"1"," 71.59370"
"1","    0"
"1","
 [163,]"
"1","  -72.80337"
"1"," 71.56310"
"1","    1"
"1","
 [164,]"
"1","  -72.10223"
"1"," 71.53000"
"1","    1"
"1","
 [165,]"
"1","  -71.40352"
"1"," 71.49442"
"1","    0"
"1","
 [166,]"
"1","  -70.70740"
"1"," 71.45637"
"1","    0"
"1","
 [167,]"
"1","  -70.01403"
"1"," 71.41587"
"1","    0"
"1","
 [168,]"
"1","  -69.32356"
"1"," 71.37293"
"1","    0"
"1","
 [169,]"
"1","  -68.63614"
"1"," 71.32756"
"1","    0"
"1","
 [170,]"
"1","  -67.95191"
"1"," 71.27979"
"1","    0"
"1","
 [171,]"
"1","  -96.64197"
"1"," 70.95839"
"1","    0"
"1","
 [172,]"
"1","  -95.97153"
"1"," 71.01032"
"1","    1"
"1","
 [173,]"
"1","  -95.29773"
"1"," 71.05992"
"1","    1"
"1","
 [174,]"
"1","  -94.62073"
"1"," 71.10714"
"1","    1"
"1","
 [175,]"
"1","  -93.94063"
"1"," 71.15199"
"1","    1"
"1","
 [176,]"
"1","  -93.25760"
"1"," 71.19444"
"1","    1"
"1","
 [177,]"
"1","  -92.57177"
"1"," 71.23448"
"1","    0"
"1","
 [178,]"
"1","  -91.88328"
"1"," 71.27210"
"1","    0"
"1","
 [179,]"
"1","  -91.19229"
"1"," 71.30727"
"1","    0"
"1","
 [180,]"
"1","  -90.49895"
"1"," 71.33999"
"1","    0"
"1","
 [181,]"
"1","  -89.80343"
"1"," 71.37024"
"1","    1"
"1","
 [182,]"
"1","  -89.10588"
"1"," 71.39801"
"1","    1"
"1","
 [183,]"
"1","  -88.40647"
"1"," 71.42329"
"1","    1"
"1","
 [184,]"
"1","  -87.70536"
"1"," 71.44607"
"1","    1"
"1","
 [185,]"
"1","  -87.00274"
"1"," 71.46635"
"1","    1"
"1","
 [186,]"
"1","  -86.29876"
"1"," 71.48411"
"1","    1"
"1","
 [187,]"
"1","  -85.59362"
"1"," 71.49934"
"1","    1"
"1","
 [188,]"
"1","  -84.88747"
"1"," 71.51205"
"1","    0"
"1","
 [189,]"
"1","  -84.18051"
"1"," 71.52223"
"1","    1"
"1","
 [190,]"
"1","  -83.47291"
"1"," 71.52986"
"1","    1"
"1","
 [191,]"
"1","  -82.76486"
"1"," 71.53496"
"1","    1"
"1","
 [192,]"
"1","  -82.05653"
"1"," 71.53751"
"1","    1"
"1","
 [193,]"
"1","  -81.34810"
"1"," 71.53752"
"1","    1"
"1","
 [194,]"
"1","  -80.63977"
"1"," 71.53498"
"1","    1"
"1","
 [195,]"
"1","  -79.93172"
"1"," 71.52990"
"1","    1"
"1","
 [196,]"
"1","  -79.22411"
"1"," 71.52228"
"1","    1"
"1","
 [197,]"
"1","  -78.51715"
"1"," 71.51213"
"1","    1"
"1","
 [198,]"
"1","  -77.81100"
"1"," 71.49944"
"1","    1"
"1","
 [199,]"
"1","  -77.10584"
"1"," 71.48422"
"1","    1"
"1","
 [200,]"
"1","  -76.40186"
"1"," 71.46647"
"1","    1"
"1","
 [201,]"
"1","  -75.69922"
"1"," 71.44621"
"1","    1"
"1","
 [202,]"
"1","  -74.99811"
"1"," 71.42345"
"1","    1"
"1","
 [203,]"
"1","  -74.29869"
"1"," 71.39818"
"1","    1"
"1","
 [204,]"
"1","  -73.60112"
"1"," 71.37042"
"1","    1"
"1","
 [205,]"
"1","  -72.90559"
"1"," 71.34019"
"1","    1"
"1","
 [206,]"
"1","  -72.21224"
"1"," 71.30749"
"1","    1"
"1","
 [207,]"
"1","  -71.52123"
"1"," 71.27233"
"1","    1"
"1","
 [208,]"
"1","  -70.83273"
"1"," 71.23474"
"1","    0"
"1","
 [209,]"
"1","  -70.14687"
"1"," 71.19471"
"1","    0"
"1","
 [210,]"
"1","  -69.46382"
"1"," 71.15228"
"1","    0"
"1","
 [211,]"
"1","  -68.78371"
"1"," 71.10745"
"1","    0"
"1","
 [212,]"
"1","  -68.10668"
"1"," 71.06023"
"1","    0"
"1","
 [213,]"
"1","  -67.43287"
"1"," 71.01066"
"1","    0"
"1","
 [214,]"
"1","  -66.76240"
"1"," 70.95873"
"1","    0"
"1","
 [215,]"
"1","  -97.13724"
"1"," 70.68624"
"1","    0"
"1","
 [216,]"
"1","  -96.47698"
"1"," 70.73989"
"1","    0"
"1","
 [217,]"
"1","  -95.81336"
"1"," 70.79123"
"1","    1"
"1","
 [218,]"
"1","  -95.14651"
"1"," 70.84025"
"1","    1"
"1","
 [219,]"
"1","  -94.47655"
"1"," 70.88694"
"1","    1"
"1","
 [220,]"
"1","  -93.80361"
"1"," 70.93127"
"1","    1"
"1","
 [221,]"
"1","  -93.12784"
"1"," 70.97322"
"1","    1"
"1","
 [222,]"
"1","  -92.44935"
"1"," 71.01279"
"1","    0"
"1","
 [223,]"
"1","  -91.76831"
"1"," 71.04996"
"1","    0"
"1","
 [224,]"
"1","  -91.08485"
"1"," 71.08472"
"1","    0"
"1","
 [225,]"
"1","  -90.39913"
"1"," 71.11705"
"1","    0"
"1","
 [226,]"
"1","  -89.71130"
"1"," 71.14694"
"1","    0"
"1","
 [227,]"
"1","  -89.02151"
"1"," 71.17438"
"1","    0"
"1","
 [228,]"
"1","  -88.32993"
"1"," 71.19936"
"1","    1"
"1","
 [229,]"
"1","  -87.63671"
"1"," 71.22187"
"1","    1"
"1","
 [230,]"
"1","  -86.94203"
"1"," 71.24191"
"1","    1"
"1","
 [231,]"
"1","  -86.24605"
"1"," 71.25945"
"1","    1"
"1","
 [232,]"
"1","  -85.54894"
"1"," 71.27451"
"1","    1"
"1","
 [233,]"
"1","  -84.85086"
"1"," 71.28706"
"1","    0"
"1","
 [234,]"
"1","  -84.15200"
"1"," 71.29711"
"1","    1"
"1","
 [235,]"
"1","  -83.45252"
"1"," 71.30466"
"1","    1"
"1","
 [236,]"
"1","  -82.75260"
"1"," 71.30969"
"1","    1"
"1","
 [237,]"
"1","  -82.05242"
"1"," 71.31221"
"1","    1"
"1","
 [238,]"
"1","  -81.35215"
"1"," 71.31222"
"1","    1"
"1","
 [239,]"
"1","  -80.65197"
"1"," 71.30971"
"1","    1"
"1","
 [240,]"
"1","  -79.95205"
"1"," 71.30470"
"1","    1"
"1","
 [241,]"
"1","  -79.25257"
"1"," 71.29717"
"1","    1"
"1","
 [242,]"
"1","  -78.55370"
"1"," 71.28713"
"1","    1"
"1","
 [243,]"
"1","  -77.85562"
"1"," 71.27460"
"1","    1"
"1","
 [244,]"
"1","  -77.15850"
"1"," 71.25956"
"1","    1"
"1","
 [245,]"
"1","  -76.46251"
"1"," 71.24203"
"1","    1"
"1","
 [246,]"
"1","  -75.76782"
"1"," 71.22201"
"1","    1"
"1","
 [247,]"
"1","  -75.07460"
"1"," 71.19952"
"1","    1"
"1","
 [248,]"
"1","  -74.38300"
"1"," 71.17455"
"1","    1"
"1","
 [249,]"
"1","  -73.69320"
"1"," 71.14713"
"1","    0"
"1","
 [250,]"
"1","  -73.00536"
"1"," 71.11725"
"1","    1"
"1","
 [251,]"
"1","  -72.31962"
"1"," 71.08494"
"1","    1"
"1","
 [252,]"
"1","  -71.63615"
"1"," 71.05020"
"1","    0"
"1","
 [253,]"
"1","  -70.95509"
"1"," 71.01304"
"1","    0"
"1","
 [254,]"
"1","  -70.27659"
"1"," 70.97349"
"1","    0"
"1","
 [255,]"
"1","  -69.60079"
"1"," 70.93155"
"1","    0"
"1","
 [256,]"
"1","  -68.92784"
"1"," 70.88723"
"1","    0"
"1","
 [257,]"
"1","  -68.25786"
"1"," 70.84057"
"1","    0"
"1","
 [258,]"
"1","  -67.59099"
"1"," 70.79156"
"1","    0"
"1","
 [259,]"
"1","  -66.92735"
"1"," 70.74023"
"1","    0"
"1","
 [260,]"
"1","  -66.26706"
"1"," 70.68660"
"1","    0"
"1","
 [261,]"
"1","  -98.26658"
"1"," 70.35535"
"1","    0"
"1","
 [262,]"
"1","  -97.61973"
"1"," 70.41290"
"1","    0"
"1","
 [263,]"
"1","  -96.96941"
"1"," 70.46821"
"1","    0"
"1","
 [264,]"
"1","  -96.31573"
"1"," 70.52126"
"1","    0"
"1","
 [265,]"
"1","  -95.65881"
"1"," 70.57202"
"1","    1"
"1","
 [266,]"
"1","  -94.99876"
"1"," 70.62049"
"1","    1"
"1","
 [267,]"
"1","  -94.33570"
"1"," 70.66664"
"1","    1"
"1","
 [268,]"
"1","  -93.66977"
"1"," 70.71046"
"1","    1"
"1","
 [269,]"
"1","  -93.00109"
"1"," 70.75193"
"1","    1"
"1","
 [270,]"
"1","  -92.32980"
"1"," 70.79105"
"1","    0"
"1","
 [271,]"
"1","  -91.65604"
"1"," 70.82779"
"1","    0"
"1","
 [272,]"
"1","  -90.97995"
"1"," 70.86214"
"1","    0"
"1","
 [273,]"
"1","  -90.30167"
"1"," 70.89409"
"1","    0"
"1","
 [274,]"
"1","  -89.62135"
"1"," 70.92363"
"1","    0"
"1","
 [275,]"
"1","  -88.93915"
"1"," 70.95075"
"1","    1"
"1","
 [276,]"
"1","  -88.25521"
"1"," 70.97543"
"1","    1"
"1","
 [277,]"
"1","  -87.56970"
"1"," 70.99768"
"1","    1"
"1","
 [278,]"
"1","  -86.88278"
"1"," 71.01747"
"1","    1"
"1","
 [279,]"
"1","  -86.19460"
"1"," 71.03481"
"1","    1"
"1","
 [280,]"
"1","  -85.50533"
"1"," 71.04968"
"1","    1"
"1","
 [281,]"
"1","  -84.81513"
"1"," 71.06209"
"1","    0"
"1","
 [282,]"
"1","  -84.12417"
"1"," 71.07202"
"1","    1"
"1","
 [283,]"
"1","  -83.43262"
"1"," 71.07947"
"1","    1"
"1","
 [284,]"
"1","  -82.74065"
"1","
 [288,]"
"1","  -79.97190"
"1"," 71.07952"
"1","    1"
"1","
 [289,]"
"1","  -79.28035"
"1"," 71.07208"
"1","    1"
"1","
 [290,]"
"1","  -78.58938"
"1"," 71.06216"
"1","    1"
"1","
 [291,]"
"1","  -77.89918"
"1"," 71.04977"
"1","    1"
"1","
 [292,]"
"1","  -77.20990"
"1"," 71.03492"
"1","    1"
"1","
 [293,]"
"1","  -76.52172"
"1"," 71.01759"
"1","    1"
"1","
 [294,]"
"1","  -75.83478"
"1"," 70.99781"
"1","    1"
"1","
 [295,]"
"1","  -75.14926"
"1"," 70.97559"
"1","    1"
"1","
 [296,]"
"1","  -74.46532"
"1"," 70.95092"
"1","    1"
"1","
 [297,]"
"1","  -73.78310"
"1"," 70.92381"
"1","    1"
"1","
 [298,]"
"1","  -73.10277"
"1"," 70.89429"
"1","    1"
"1","
 [299,]"
"1","  -72.42448"
"1"," 70.86235"
"1","    0"
"1","
 [300,]"
"1","  -71.74837"
"1"," 70.82802"
"1","    0"
"1","
 [301,]"
"1","  -71.07460"
"1"," 70.79129"
"1","    1"
"1","
 [302,]"
"1","  -70.40329"
"1"," 70.75220"
"1","    1"
"1","
 [303,]"
"1","  -69.73459"
"1"," 70.71074"
"1","    0"
"1","
 [304,]"
"1","  -69.06864"
"1"," 70.66693"
"1","    1"
"1","
 [305,]"
"1","  -68.40557"
"1"," 70.62080"
"1","    0"
"1","
 [306,]"
"1","  -67.74550"
"1"," 70.57235"
"1","    0"
"1","
 [307,]"
"1","  -67.08855"
"1"," 70.52160"
"1","    0"
"1","
 [308,]"
"1","  -66.43485"
"1"," 70.46857"
"1","    0"
"1","
 [309,]"
"1","  -65.78451"
"1"," 70.41327"
"1","    0"
"1","
 [310,]"
"1","  -65.13763"
"1"," 70.35573"
"1","    0"
"1","
 [311,]"
"1","  -98.72709"
"1"," 70.07930"
"1","    0"
"1","
 [312,]"
"1","  -98.08993"
"1"," 70.13843"
"1","    0"
"1","
 [313,]"
"1","  -97.44931"
"1"," 70.19535"
"1","    0"
"1","
 [314,]"
"1","  -96.80534"
"1"," 70.25005"
"1","    0"
"1","
 [315,]"
"1","  -96.15811"
"1"," 70.30250"
"1","    1"
"1","
 [316,]"
"1","  -95.50774"
"1"," 70.35270"
"1","    1"
"1","
 [317,]"
"1","  -94.85435"
"1"," 70.40062"
"1","    1"
"1","
 [318,]"
"1","  -94.19806"
"1"," 70.44625"
"1","    1"
"1","
 [319,]"
"1","  -93.53899"
"1"," 70.48957"
"1","    1"
"1","
 [320,]"
"1","  -92.87726"
"1"," 70.53058"
"1","    1"
"1","
 [321,]"
"1","  -92.21301"
"1"," 70.56924"
"1","    0"
"1","
 [322,]"
"1","  -91.54637"
"1"," 70.60556"
"1","    0"
"1","
 [323,]"
"1","  -90.87748"
"1"," 70.63952"
"1","    0"
"1","
 [324,]"
"1","  -90.20648"
"1"," 70.67110"
"1","    0"
"1","
 [325,]"
"1","  -89.53351"
"1"," 70.70030"
"1","    0"
"1","
 [326,]"
"1","  -88.85872"
"1"," 70.72710"
"1","    0"
"1","
 [327,]"
"1","  -88.18225"
"1"," 70.75150"
"1","    1"
"1","
 [328,]"
"1","  -87.50427"
"1"," 70.77348"
"1","    1"
"1","
 [329,]"
"1","  -86.82492"
"1"," 70.79305"
"1","    1"
"1","
 [330,]"
"1","  -86.14436"
"1"," 70.81018"
"1","    1"
"1","
 [331,]"
"1","  -85.46275"
"1"," 70.82488"
"1","    1"
"1","
 [332,]"
"1","  -84.78025"
"1"," 70.83714"
"1","    1"
"1","
 [333,]"
"1","  -84.09701"
"1"," 70.84695"
"1","    1"
"1","
"
"1"," [ reached getOption(""max.print"") -- omitted 4691 rows ]
"
"1","
"
"1","$probTab
"
"1",", "
"1",", 1"
"1","

"
"1","       "
"1","     [,1]"
"1","     [,2]"
"1","     [,3]"
"1","     [,4]"
"1","     [,5]"
"1","     [,6]"
"1","     [,7]"
"1","     [,8]"
"1","     [,9]"
"1","    [,10]"
"1","    [,11]"
"1","    [,12]"
"1","    [,13]"
"1","    [,14]"
"1","    [,15]"
"1","    [,16]"
"1","    [,17]"
"1","    [,18]"
"1","    [,19]"
"1","
   [1,]"
"1"," 336.1604"
"1"," 297.8010"
"1"," 306.7002"
"1"," 289.6364"
"1"," 277.9984"
"1"," 351.6770"
"1"," 408.4846"
"1"," 409.1449"
"1"," 413.9480"
"1"," 397.4515"
"1"," 388.0825"
"1"," 385.6101"
"1"," 378.8715"
"1"," 317.7900"
"1"," 226.9383"
"1"," 166.8877"
"1"," 130.4754"
"1"," 167.6330"
"1"," 246.1960"
"1","
   [2,]"
"1"," 334.9559"
"1"," 296.4244"
"1"," 305.3925"
"1"," 288.1341"
"1"," 273.7740"
"1"," 348.0437"
"1"," 404.1298"
"1"," 403.7823"
"1"," 411.4022"
"1"," 393.4800"
"1"," 384.9596"
"1"," 382.5938"
"1"," 376.4075"
"1"," 316.9170"
"1"," 226.1718"
"1"," 167.0462"
"1"," 130.5646"
"1"," 167.4241"
"1"," 245.4280"
"1","
   [3,]"
"1"," 334.5227"
"1"," 295.8462"
"1"," 304.7081"
"1"," 287.6135"
"1"," 272.8633"
"1"," 346.3640"
"1"," 400.7201"
"1"," 400.4300"
"1"," 408.3217"
"1"," 391.6654"
"1"," 384.5027"
"1"," 381.2458"
"1"," 375.7168"
"1"," 316.0095"
"1"," 225.8111"
"1"," 167.0569"
"1"," 130.5760"
"1"," 166.9874"
"1"," 242.1075"
"1","
   [4,]"
"1"," 333.4312"
"1"," 294.5277"
"1"," 303.6155"
"1"," 287.6911"
"1"," 272.4361"
"1"," 346.0825"
"1"," 397.4634"
"1"," 395.6524"
"1"," 403.3139"
"1"," 386.4086"
"1"," 382.6952"
"1"," 378.7972"
"1"," 373.7506"
"1"," 315.3275"
"1"," 224.8516"
"1"," 167.3768"
"1"," 131.1529"
"1"," 166.8053"
"1"," 241.3768"
"1","
   [5,]"
"1"," 333.5031"
"1"," 294.2657"
"1"," 303.0201"
"1"," 286.7579"
"1"," 270.9862"
"1"," 344.2085"
"1"," 394.9027"
"1"," 392.4249"
"1"," 400.4171"
"1"," 383.6016"
"1"," 380.6228"
"1"," 377.3532"
"1"," 373.4779"
"1"," 315.8737"
"1"," 225.5971"
"1"," 168.1707"
"1"," 131.4330"
"1"," 167.0057"
"1"," 240.9452"
"1","
   [6,]"
"1"," 333.4961"
"1"," 292.1445"
"1"," 300.8051"
"1"," 283.3112"
"1"," 266.4218"
"1"," 341.5626"
"1"," 389.2036"
"1"," 386.7708"
"1"," 394.6177"
"1"," 377.7296"
"1"," 376.4700"
"1"," 373.4033"
"1"," 370.4769"
"1"," 313.9406"
"1"," 225.0660"
"1"," 168.5628"
"1"," 131.9847"
"1"," 166.5136"
"1"," 239.2526"
"1","
   [7,]"
"1"," 332.6973"
"1"," 291.8859"
"1"," 300.4680"
"1"," 282.8194"
"1"," 265.8374"
"1"," 340.4138"
"1"," 387.4475"
"1"," 383.7047"
"1"," 391.1649"
"1"," 373.3792"
"1"," 373.2343"
"1"," 370.5034"
"1"," 368.1151"
"1"," 313.3687"
"1"," 224.3706"
"1"," 168.7378"
"1"," 132.7561"
"1"," 166.8012"
"1"," 238.6144"
"1","
   [8,]"
"1"," 332.7196"
"1"," 291.4718"
"1"," 299.3375"
"1"," 281.0505"
"1"," 263.0587"
"1"," 337.5561"
"1"," 384.7929"
"1"," 381.6160"
"1"," 388.8095"
"1"," 371.9846"
"1"," 371.5523"
"1"," 368.8686"
"1"," 367.6866"
"1"," 312.3594"
"1"," 224.1505"
"1"," 168.7697"
"1"," 132.8890"
"1"," 166.9235"
"1"," 238.6531"
"1","
   [9,]"
"1"," 331.8575"
"1"," 291.0219"
"1"," 299.1288"
"1"," 280.8813"
"1"," 262.2337"
"1"," 335.9883"
"1"," 382.1554"
"1"," 378.8835"
"1"," 385.3956"
"1"," 368.6891"
"1"," 369.8156"
"1"," 364.2306"
"1"," 363.6340"
"1"," 309.5233"
"1"," 221.0089"
"1"," 168.8716"
"1"," 133.8302"
"1"," 166.8238"
"1"," 237.0846"
"1","
  [10,]"
"1"," 332.2463"
"1"," 291.0511"
"1"," 298.9933"
"1"," 280.5337"
"1"," 261.2054"
"1"," 334.2073"
"1"," 379.4667"
"1"," 374.8349"
"1"," 381.8182"
"1"," 365.3635"
"1"," 366.7595"
"1"," 362.2088"
"1"," 362.2241"
"1"," 308.8685"
"1"," 221.1334"
"1"," 169.3751"
"1"," 133.7871"
"1"," 166.7476"
"1"," 235.5102"
"1","
  [11,]"
"1"," 331.8901"
"1"," 291.0153"
"1"," 298.5474"
"1"," 279.6841"
"1"," 259.7978"
"1"," 331.7058"
"1"," 376.1498"
"1"," 372.1950"
"1"," 379.1679"
"1"," 363.5718"
"1"," 364.7402"
"1"," 359.1342"
"1"," 360.3430"
"1"," 307.7011"
"1"," 221.0710"
"1"," 170.2523"
"1"," 134.6778"
"1"," 165.7948"
"1"," 234.4051"
"1","
  [12,]"
"1"," 331.1379"
"1"," 290.7664"
"1"," 298.6826"
"1"," 279.6723"
"1"," 259.2906"
"1"," 330.6798"
"1"," 374.0114"
"1"," 369.0463"
"1"," 375.6194"
"1"," 359.5422"
"1"," 362.0368"
"1"," 356.9638"
"1"," 358.5786"
"1"," 307.3050"
"1"," 220.7295"
"1"," 170.3978"
"1"," 135.2174"
"1"," 165.5094"
"1"," 233.2725"
"1","
  [13,]"
"1"," 363.0438"
"1"," 316.4537"
"1"," 327.2629"
"1"," 303.7615"
"1"," 287.9526"
"1"," 364.6767"
"1"," 425.8814"
"1"," 427.3141"
"1"," 431.6315"
"1"," 414.6469"
"1"," 402.9650"
"1"," 398.9145"
"1"," 387.6698"
"1"," 322.5829"
"1"," 227.7592"
"1"," 166.1275"
"1"," 129.8091"
"1"," 170.1252"
"1"," 255.8687"
"1","
  [14,]"
"1"," 359.6136"
"1"," 313.6476"
"1"," 324.2936"
"1"," 301.8181"
"1"," 283.6374"
"1"," 360.0512"
"1"," 420.8812"
"1"," 421.8863"
"1"," 427.8202"
"1"," 411.3177"
"1"," 399.8673"
"1"," 395.6313"
"1"," 385.8325"
"1"," 321.4651"
"1"," 227.4666"
"1"," 166.5294"
"1"," 129.6543"
"1"," 169.3710"
"1"," 254.5938"
"1","
  [15,]"
"1"," 357.7111"
"1"," 311.9793"
"1"," 322.4019"
"1"," 299.7315"
"1"," 282.0774"
"1"," 357.7116"
"1"," 416.9594"
"1"," 417.8891"
"1"," 423.2526"
"1"," 407.3095"
"1"," 396.2129"
"1"," 392.1710"
"1"," 383.1809"
"1"," 319.1993"
"1"," 226.4648"
"1"," 166.3119"
"1"," 129.9375"
"1"," 168.7531"
"1"," 252.9737"
"1","
  [16,]"
"1"," 354.1777"
"1"," 309.8251"
"1"," 320.0477"
"1"," 297.6886"
"1"," 280.6093"
"1"," 355.7686"
"1"," 414.3371"
"1"," 414.9898"
"1"," 420.2409"
"1"," 403.4731"
"1"," 393.0730"
"1"," 389.9168"
"1"," 381.9293"
"1"," 319.2587"
"1"," 226.9992"
"1"," 166.8217"
"1"," 130.4192"
"1"," 168.5850"
"1"," 251.8359"
"1","
  [17,]"
"1"," 351.5779"
"1"," 307.2051"
"1"," 317.0871"
"1"," 295.2774"
"1"," 279.6051"
"1"," 354.0937"
"1"," 411.8751"
"1"," 412.0315"
"1"," 417.5244"
"1"," 401.3960"
"1"," 391.3355"
"1"," 388.3428"
"1"," 380.9387"
"1"," 318.2850"
"1"," 226.8463"
"1"," 166.7686"
"1"," 130.0110"
"1"," 167.7753"
"1"," 249.6029"
"1","
  [18,]"
"1"," 350.4766"
"1"," 306.2707"
"1"," 316.0645"
"1"," 293.4735"
"1"," 277.9995"
"1"," 351.9503"
"1"," 409.0336"
"1"," 409.7022"
"1"," 415.5208"
"1"," 398.8803"
"1"," 389.1106"
"1"," 386.1049"
"1"," 378.8413"
"1"," 317.2833"
"1"," 226.5499"
"1"," 166.7607"
"1"," 130.6874"
"1"," 168.2614"
"1"," 246.9451"
"1","
  [19,]"
"1"," 348.4734"
"1"," 303.7242"
"1"," 313.1634"
"1"," 290.6268"
"1"," 273.3339"
"1"," 347.5426"
"1"," 404.1146"
"1"," 404.2519"
"1"," 412.1236"
"1"," 395.5922"
"1"," 387.1995"
"1"," 384.6859"
"1"," 378.2121"
"1"," 317.3471"
"1"," 226.1457"
"1"," 166.9204"
"1"," 130.7119"
"1"," 167.4050"
"1"," 245.5587"
"1","
  [20,]"
"1"," 347.3656"
"1"," 302.1016"
"1"," 311.7544"
"1"," 290.6948"
"1"," 273.7851"
"1"," 347.2831"
"1"," 402.2719"
"1"," 401.6223"
"1"," 408.9437"
"1"," 392.3759"
"1"," 384.8100"
"1"," 381.1419"
"1"," 376.3364"
"1"," 316.5320"
"1"," 226.1101"
"1"," 167.5712"
"1"," 130.9352"
"1"," 167.0449"
"1"," 243.8439"
"1","
  [21,]"
"1"," 345.1351"
"1"," 299.2445"
"1"," 309.0363"
"1"," 288.0881"
"1"," 272.5978"
"1"," 346.3438"
"1"," 397.5807"
"1"," 395.6792"
"1"," 403.7129"
"1"," 386.8170"
"1"," 383.7088"
"1"," 380.3769"
"1"," 375.2506"
"1"," 316.8772"
"1"," 225.7983"
"1"," 167.7241"
"1"," 131.1512"
"1"," 166.9707"
"1"," 241.7210"
"1","
  [22,]"
"1"," 343.6614"
"1"," 298.3873"
"1"," 307.9055"
"1"," 287.3610"
"1"," 271.5064"
"1"," 344.6261"
"1"," 395.6942"
"1"," 393.2542"
"1"," 401.2133"
"1"," 384.8531"
"1"," 381.6545"
"1"," 377.7146"
"1"," 374.2240"
"1"," 316.0061"
"1"," 225.6033"
"1"," 168.2983"
"1"," 131.3686"
"1"," 166.9770"
"1"," 240.9933"
"1","
  [23,]"
"1"," 342.3541"
"1"," 295.4013"
"1"," 304.8281"
"1"," 283.0147"
"1"," 266.8702"
"1"," 342.3601"
"1"," 390.1401"
"1"," 387.8998"
"1"," 395.7758"
"1"," 378.3331"
"1"," 378.4247"
"1"," 375.1057"
"1"," 371.3477"
"1"," 314.9307"
"1"," 224.7110"
"1"," 167.9544"
"1"," 132.2099"
"1"," 166.8776"
"1"," 240.3224"
"1","
  [24,]"
"1"," 342.1491"
"1"," 294.7862"
"1"," 304.2310"
"1"," 282.7822"
"1"," 265.8006"
"1"," 340.4864"
"1"," 387.6646"
"1"," 384.8363"
"1"," 392.1702"
"1"," 375.6135"
"1"," 375.5105"
"1"," 372.3622"
"1"," 369.9173"
"1"," 313.7244"
"1"," 224.4340"
"1"," 168.1620"
"1"," 132.4826"
"1"," 166.8621"
"1"," 239.5161"
"1","
  [25,]"
"1"," 342.6781"
"1"," 295.3183"
"1"," 304.0851"
"1"," 281.7537"
"1"," 264.1101"
"1"," 338.4123"
"1"," 385.7724"
"1"," 382.8818"
"1"," 389.6694"
"1"," 372.4169"
"1"," 372.7420"
"1"," 368.9459"
"1"," 367.7548"
"1"," 312.9258"
"1"," 223.8277"
"1"," 168.7926"
"1"," 133.2197"
"1"," 166.9328"
"1"," 238.8406"
"1","
  [26,]"
"1"," 343.1998"
"1"," 295.2544"
"1"," 304.2077"
"1"," 281.1175"
"1"," 262.5683"
"1"," 336.4717"
"1"," 382.6200"
"1"," 378.7759"
"1"," 385.8148"
"1"," 368.9764"
"1"," 369.9808"
"1"," 365.2075"
"1"," 363.7762"
"1"," 309.7662"
"1"," 221.2959"
"1"," 168.6871"
"1"," 133.8923"
"1"," 166.8731"
"1"," 237.0453"
"1","
  [27,]"
"1"," 345.1771"
"1"," 297.4179"
"1"," 306.1564"
"1"," 283.4467"
"1"," 261.4562"
"1"," 333.9900"
"1"," 379.6397"
"1"," 375.2992"
"1"," 382.2330"
"1"," 366.5230"
"1"," 367.5763"
"1"," 362.1588"
"1"," 362.6677"
"1"," 308.7169"
"1"," 220.9585"
"1"," 169.3290"
"1"," 133.6240"
"1"," 166.3493"
"1"," 235.9575"
"1","
  [28,]"
"1"," 345.9330"
"1"," 297.8704"
"1"," 306.6225"
"1"," 283.4517"
"1"," 260.4671"
"1"," 332.6286"
"1"," 376.8319"
"1"," 372.5215"
"1"," 379.5875"
"1"," 363.4280"
"1"," 365.7847"
"1"," 360.6909"
"1"," 361.2937"
"1"," 308.7277"
"1"," 221.0551"
"1"," 169.8165"
"1"," 134.3592"
"1"," 166.4330"
"1"," 235.3870"
"1","
  [29,]"
"1"," 346.0679"
"1"," 298.5859"
"1"," 307.3470"
"1"," 283.2871"
"1"," 259.4992"
"1"," 330.8735"
"1"," 374.8340"
"1"," 370.3009"
"1"," 376.8924"
"1"," 361.6272"
"1"," 363.4490"
"1"," 357.6342"
"1"," 359.2518"
"1"," 306.9833"
"1"," 220.4720"
"1"," 170.2371"
"1"," 135.1392"
"1"," 165.6686"
"1"," 233.3868"
"1","
  [30,]"
"1"," 347.5461"
"1"," 299.8003"
"1"," 308.5292"
"1"," 284.1324"
"1"," 258.9842"
"1"," 329.1343"
"1"," 372.0824"
"1"," 367.7019"
"1"," 373.3229"
"1"," 358.3144"
"1"," 361.2180"
"1"," 354.9202"
"1"," 358.2970"
"1"," 307.0909"
"1"," 220.4665"
"1"," 171.3028"
"1"," 135.6980"
"1"," 165.5601"
"1"," 232.4237"
"1","
  [31,]"
"1"," 348.4617"
"1"," 300.3664"
"1"," 309.3145"
"1"," 284.9775"
"1"," 258.4871"
"1"," 328.2857"
"1"," 370.6529"
"1"," 365.5888"
"1"," 371.4723"
"1"," 356.7228"
"1"," 359.3994"
"1"," 353.5405"
"1"," 357.1402"
"1"," 306.8137"
"1"," 221.1799"
"1"," 172.0871"
"1"," 136.5877"
"1"," 165.5842"
"1"," 231.7820"
"1","
  [32,]"
"1"," 350.2287"
"1"," 301.2027"
"1"," 310.0600"
"1"," 285.2100"
"1"," 258.4411"
"1"," 326.4426"
"1"," 368.1652"
"1"," 362.4206"
"1"," 367.0941"
"1"," 353.8492"
"1"," 356.6437"
"1"," 348.2965"
"1"," 353.6795"
"1"," 304.1796"
"1"," 219.3365"
"1"," 173.2590"
"1"," 137.4294"
"1"," 165.6258"
"1"," 230.5370"
"1","
  [33,]"
"1"," 351.3976"
"1"," 302.6731"
"1"," 311.8189"
"1"," 285.6265"
"1"," 257.3191"
"1"," 323.0213"
"1"," 363.0751"
"1"," 357.2356"
"1"," 362.6262"
"1"," 350.1177"
"1"," 353.6429"
"1"," 345.9807"
"1"," 351.5161"
"1"," 303.8017"
"1"," 219.8829"
"1"," 174.0431"
"1"," 138.1843"
"1"," 165.9830"
"1"," 228.9261"
"1","
  [34,]"
"1"," 352.0816"
"1"," 303.3133"
"1"," 312.5797"
"1"," 287.3312"
"1"," 257.7789"
"1"," 322.1943"
"1"," 361.8548"
"1"," 354.8255"
"1"," 358.3539"
"1"," 346.6904"
"1"," 349.4858"
"1"," 341.7645"
"1"," 350.2187"
"1"," 303.2157"
"1"," 220.5779"
"1"," 175.3003"
"1"," 139.2397"
"1"," 166.4665"
"1"," 228.0840"
"1","
  [35,]"
"1"," 381.2982"
"1"," 334.7261"
"1"," 344.7622"
"1"," 324.4556"
"1"," 303.6342"
"1"," 378.9423"
"1"," 444.3446"
"1"," 443.3790"
"1"," 448.2408"
"1"," 429.7468"
"1"," 417.1823"
"1"," 407.8024"
"1"," 395.6166"
"1"," 328.4989"
"1"," 230.7395"
"1"," 167.6081"
"1"," 129.6906"
"1"," 171.6331"
"1"," 261.7483"
"1","
  [36,]"
"1"," 377.6925"
"1"," 329.3008"
"1"," 339.7073"
"1"," 319.8306"
"1"," 299.8309"
"1"," 375.6443"
"1"," 440.3793"
"1"," 438.2647"
"1"," 442.3297"
"1"," 425.1687"
"1"," 412.8765"
"1"," 405.0708"
"1"," 392.9650"
"1"," 326.5636"
"1"," 229.7368"
"1"," 166.9903"
"1"," 130.1314"
"1"," 170.9897"
"1"," 258.8302"
"1","
  [37,]"
"1"," 375.3093"
"1"," 327.8530"
"1"," 337.5938"
"1"," 317.9307"
"1"," 296.4719"
"1"," 370.8623"
"1"," 434.7380"
"1"," 432.3925"
"1"," 437.7716"
"1"," 421.0261"
"1"," 409.1748"
"1"," 401.7442"
"1"," 390.0578"
"1"," 324.7434"
"1"," 228.6746"
"1"," 166.8197"
"1"," 130.0720"
"1"," 171.0701"
"1"," 257.9123"
"1","
"
"1","       "
"1","    [,20]"
"1","    [,21]"
"1","    [,22]"
"1","    [,23]"
"1","    [,24]"
"1","     [,25]"
"1","     [,26]"
"1","     [,27]"
"1","
   [1,]"
"1"," 324.5025"
"1"," 378.3827"
"1"," 387.4309"
"1"," 376.3138"
"1"," 379.1963"
"1","  313.7395"
"1","  323.7641"
"1","  239.6171"
"1","
   [2,]"
"1"," 322.6824"
"1"," 375.8529"
"1"," 384.9660"
"1"," 374.2023"
"1"," 377.5096"
"1","  312.5616"
"1","  322.3741"
"1","  238.3002"
"1","
   [3,]"
"1"," 319.4634"
"1"," 372.4475"
"1"," 381.2264"
"1"," 373.4316"
"1"," 376.4452"
"1","  311.6156"
"1","  321.6383"
"1","  237.4333"
"1","
   [4,]"
"1"," 319.6805"
"1"," 372.5203"
"1"," 381.8950"
"1"," 374.5449"
"1"," 375.1046"
"1","  310.6710"
"1","  320.2696"
"1","  236.0649"
"1","
   [5,]"
"1"," 318.3139"
"1"," 371.9948"
"1"," 380.3695"
"1"," 373.5839"
"1"," 374.2549"
"1","  308.8818"
"1","  318.9976"
"1","  234.6284"
"1","
   [6,]"
"1"," 316.0802"
"1"," 369.7283"
"1"," 378.0918"
"1"," 372.4619"
"1"," 373.4929"
"1","  308.1067"
"1","  318.6229"
"1","  234.3587"
"1","
   [7,]"
"1"," 314.6076"
"1"," 366.3122"
"1"," 374.4257"
"1"," 369.2796"
"1"," 370.4838"
"1","  306.9310"
"1","  317.2641"
"1","  233.2911"
"1","
   [8,]"
"1"," 312.7127"
"1"," 365.1780"
"1"," 373.8078"
"1"," 369.4462"
"1"," 372.2244"
"1","  307.8300"
"1","  317.5508"
"1","  232.8300"
"1","
   [9,]"
"1"," 310.9273"
"1"," 360.7688"
"1"," 370.4855"
"1"," 367.3802"
"1"," 369.9139"
"1","  308.0230"
"1","  317.0539"
"1","  232.4398"
"1","
  [10,]"
"1"," 308.3011"
"1"," 358.0556"
"1"," 367.6139"
"1"," 365.4630"
"1"," 368.0776"
"1","  306.7329"
"1","  315.7969"
"1","  231.4616"
"1","
  [11,]"
"1"," 306.6388"
"1"," 354.1581"
"1"," 364.7911"
"1"," 363.2820"
"1"," 366.0099"
"1","  306.9579"
"1","  316.0731"
"1","  231.3822"
"1","
  [12,]"
"1"," 305.1211"
"1"," 351.5097"
"1"," 362.6224"
"1"," 361.7523"
"1"," 363.5984"
"1","  305.8863"
"1","  314.4425"
"1","  229.8016"
"1","
  [13,]"
"1"," 339.5914"
"1"," 396.0644"
"1"," 404.1259"
"1"," 387.5033"
"1"," 387.0880"
"1","  319.7212"
"1","  328.1471"
"1","  242.7537"
"1","
  [14,]"
"1"," 336.9501"
"1"," 392.6011"
"1"," 401.1017"
"1"," 384.4394"
"1"," 385.6385"
"1","  319.3121"
"1","  327.7369"
"1","  242.7883"
"1","
  [15,]"
"1"," 333.7787"
"1"," 389.3590"
"1"," 398.0892"
"1"," 381.6975"
"1"," 383.6695"
"1","  316.8394"
"1","  325.0300"
"1","  240.7843"
"1","
  [16,]"
"1"," 332.6681"
"1"," 387.0128"
"1"," 395.7952"
"1"," 380.0567"
"1"," 381.0883"
"1","  314.9033"
"1","  323.5731"
"1","  239.5963"
"1","
  [17,]"
"1"," 328.2448"
"1"," 382.9895"
"1"," 392.0328"
"1"," 377.5065"
"1"," 381.0673"
"1","  314.8163"
"1","  323.2492"
"1","  239.2645"
"1","
  [18,]"
"1"," 325.3783"
"1"," 379.0047"
"1"," 387.8633"
"1"," 376.3052"
"1"," 379.2297"
"1","  313.6591"
"1","  321.7260"
"1","  237.8635"
"1","
  [19,]"
"1"," 323.2795"
"1"," 376.2976"
"1"," 385.1068"
"1"," 374.0389"
"1"," 377.1365"
"1","  312.1274"
"1","  321.1311"
"1","  237.1617"
"1","
  [20,]"
"1"," 321.3311"
"1"," 374.4766"
"1"," 383.5294"
"1"," 373.8541"
"1"," 376.3640"
"1","  311.1195"
"1","  319.4432"
"1","  235.4772"
"1","
  [21,]"
"1"," 320.1617"
"1"," 374.0664"
"1"," 382.8178"
"1"," 375.4599"
"1"," 376.3978"
"1","  310.8385"
"1","  319.3672"
"1","  235.0346"
"1","
  [22,]"
"1"," 319.1241"
"1"," 372.8603"
"1"," 380.9641"
"1"," 374.0240"
"1"," 374.8193"
"1","  309.0391"
"1","  317.9938"
"1","  233.7281"
"1","
  [23,]"
"1"," 317.7146"
"1"," 371.1344"
"1"," 379.9006"
"1"," 373.6344"
"1"," 373.8329"
"1","  308.4391"
"1","  316.6028"
"1","  232.2629"
"1","
  [24,]"
"1"," 315.8182"
"1"," 368.7022"
"1"," 377.2518"
"1"," 371.5530"
"1"," 373.0038"
"1","  307.7433"
"1","  316.1034"
"1","  231.8415"
"1","
  [25,]"
"1"," 314.2788"
"1"," 365.4557"
"1"," 374.8078"
"1"," 370.1756"
"1"," 371.1263"
"1","  307.7599"
"1","  315.6557"
"1","  231.0626"
"1","
  [26,]"
"1"," 310.8116"
"1"," 361.2802"
"1"," 370.6500"
"1"," 367.9671"
"1"," 370.2854"
"1","  307.8847"
"1","  316.2312"
"1","  231.3204"
"1","
  [27,]"
"1"," 309.6890"
"1"," 359.3048"
"1"," 369.5881"
"1"," 366.9208"
"1"," 369.1610"
"1","  307.8060"
"1","  315.4718"
"1","  230.9717"
"1","
  [28,]"
"1"," 307.8117"
"1"," 355.5998"
"1"," 365.7581"
"1"," 363.8627"
"1"," 366.5056"
"1","  307.5767"
"1","  314.9394"
"1","  230.2894"
"1","
  [29,]"
"1"," 305.1454"
"1"," 351.3804"
"1"," 362.2789"
"1"," 361.5663"
"1"," 363.3239"
"1","  305.6977"
"1","  313.4301"
"1","  228.6604"
"1","
  [30,]"
"1"," 303.1051"
"1"," 348.7518"
"1"," 359.5129"
"1"," 359.8693"
"1"," 361.9911"
"1","  305.3330"
"1","  312.8500"
"1","  227.8271"
"1","
  [31,]"
"1"," 301.6547"
"1"," 346.1844"
"1"," 356.3895"
"1"," 357.0831"
"1"," 359.8400"
"1","  304.3331"
"1","  312.5160"
"1","  227.5916"
"1","
  [32,]"
"1"," 299.1862"
"1"," 339.8586"
"1"," 350.7952"
"1"," 351.9023"
"1"," 355.2150"
"1","  303.3845"
"1","  310.9526"
"1","  226.5546"
"1","
  [33,]"
"1"," 295.2007"
"1"," 335.5565"
"1"," 345.5700"
"1"," 347.7392"
"1"," 353.0386"
"1","  301.6459"
"1","  309.5184"
"1","  225.7964"
"1","
  [34,]"
"1"," 293.9043"
"1"," 333.1657"
"1"," 342.9350"
"1"," 345.7465"
"1"," 350.7671"
"1","  300.4013"
"1","  308.8570"
"1","  225.5535"
"1","
  [35,]"
"1"," 348.7874"
"1"," 406.5806"
"1"," 413.8775"
"1"," 393.7103"
"1"," 391.7856"
"1","  323.3109"
"1","  331.0182"
"1","  245.0629"
"1","
  [36,]"
"1"," 345.2171"
"1"," 402.2766"
"1"," 410.0714"
"1"," 391.3875"
"1"," 389.5981"
"1","  321.9830"
"1","  329.9398"
"1","  244.5592"
"1","
  [37,]"
"1"," 342.5554"
"1"," 399.9268"
"1"," 407.4832"
"1"," 389.6519"
"1"," 389.1079"
"1","  320.7932"
"1","  329.1870"
"1","  243.8962"
"1","
"
"1","
"
"1"," [ reached getOption(""max.print"") -- omitted"
"1"," 4987 row(s) and"
"1"," 1 matrix slice(s) ]
"
"1","
"
